beast,0.845825
blastn,0.497365
gunzip,0.054116
muscle,1.330236
nhmmer,0.621253
phyml,1.401768
prokka,0.112731
snippy,0.727940
velvetg,1.191412
velveth,1.062123
geometric mean,0.554311

beast,,,,,,,,,,,,,avg,stdev,min,max
User time (seconds),144.46,144.6,147.58,144.3,144.04,143.18,143.41,142.17,145.13,145.51,141.99,,144.21545454545455,1.579096980152669,141.99,147.58
System time (seconds),21.12,20.38,22.34,20.76,20.47,20.67,20.3,20.14,20.64,20.21,19.39,,20.583636363636366,0.7287149336643612,19.39,22.34
Fraction of CPU this job got,1.41,1.33,1.21,1.15,1.27,1.28,1.23,1.26,1.2,1.26,1.2,,1.2545454545454542,0.07090326316378343,1.15,1.41
Elapsed (wall clock) time in seconds,117.18,123.75,139.82,143.31,129.46,127.33,132.56,128.68,137.17000000000002,130.57,133.95,,131.2527272727273,7.367452871799167,117.18,143.31
Average shared text size (kbytes),0.0,0.0,0.0,0.0,0.0,0.0,0.0,0.0,0.0,0.0,0.0,,0.0,0.0,0.0,0.0
Average unshared data size (kbytes),0.0,0.0,0.0,0.0,0.0,0.0,0.0,0.0,0.0,0.0,0.0,,0.0,0.0,0.0,0.0
Average stack size (kbytes),0.0,0.0,0.0,0.0,0.0,0.0,0.0,0.0,0.0,0.0,0.0,,0.0,0.0,0.0,0.0
Average total size (kbytes),0.0,0.0,0.0,0.0,0.0,0.0,0.0,0.0,0.0,0.0,0.0,,0.0,0.0,0.0,0.0
Maximum resident set size (kbytes),173604.0,173704.0,173256.0,146428.0,174156.0,174212.0,173392.0,174524.0,174012.0,171692.0,174152.0,,171193.81818181818,8248.973049030792,146428.0,174524.0
Average resident set size (kbytes),0.0,0.0,0.0,0.0,0.0,0.0,0.0,0.0,0.0,0.0,0.0,,0.0,0.0,0.0,0.0
Major (requiring I/O) page faults,8.0,8.0,8.0,8.0,8.0,8.0,8.0,8.0,8.0,8.0,8.0,,8.0,0.0,8.0,8.0
Minor (reclaiming a frame) page faults,35182.0,36589.0,31092.0,39222.0,37490.0,34582.0,32604.0,38604.0,34481.0,35929.0,30885.0,,35150.90909090909,2803.1298027221446,30885.0,39222.0
Voluntary context switches,3490039.0,3190314.0,3032814.0,3096157.0,2857388.0,3048010.0,3145809.0,3227924.0,3205701.0,2942341.0,3411751.0,,3149840.727272727,187279.20143469798,2857388.0,3490039.0
Involuntary context switches,1108973.0,869966.0,545812.0,776176.0,552143.0,747304.0,830687.0,949275.0,851341.0,563783.0,1143960.0,,812674.5454545454,206869.3120080229,545812.0,1143960.0
Swaps,0.0,0.0,0.0,0.0,0.0,0.0,0.0,0.0,0.0,0.0,0.0,,0.0,0.0,0.0,0.0
File system inputs,19168.0,19184.0,19200.0,19200.0,19200.0,19200.0,19184.0,19200.0,19184.0,19200.0,19184.0,,19191.272727272728,11.000826415237258,19168.0,19200.0
File system outputs,14008.0,13984.0,13992.0,13984.0,14000.0,14000.0,14056.0,14000.0,13992.0,13992.0,13992.0,,14000.0,19.91983935678197,13984.0,14056.0
Socket messages sent,0.0,0.0,0.0,0.0,0.0,0.0,0.0,0.0,0.0,0.0,0.0,,0.0,0.0,0.0,0.0
Socket messages received,0.0,0.0,0.0,0.0,0.0,0.0,0.0,0.0,0.0,0.0,0.0,,0.0,0.0,0.0,0.0
Signals delivered,0.0,0.0,0.0,0.0,0.0,0.0,0.0,0.0,0.0,0.0,0.0,,0.0,0.0,0.0,0.0
Page size (bytes),4096.0,4096.0,4096.0,4096.0,4096.0,4096.0,4096.0,4096.0,4096.0,4096.0,4096.0,,4096.0,0.0,4096.0,4096.0
Exit status,0.0,0.0,0.0,0.0,0.0,0.0,0.0,0.0,0.0,0.0,0.0,,0.0,0.0,0.0,0.0
Submission date and time,  2015-07-23 23:55:40,  2015-07-24 00:50:55,  2015-07-24 01:56:17,  2015-07-24 02:59:39,  2015-07-24 04:03:44,  2015-07-24 05:10:53,  2015-07-24 06:19:58,  2015-07-24 07:37:07,  2015-07-24 08:49:09,  2015-07-24 10:06:30,  2015-07-24 11:23:16

blastn,,,,,,,,,,,,,avg,stdev,min,max
User time (seconds),67.76,68.02,68.2,67.33,68.05,68.56,68.13,67.57,67.25,67.45,67.41,,67.79363636363637,0.4253768382804299,67.25,68.56
System time (seconds),2.1,2.04,2.21,2.28,2.1,2.18,2.02,2.14,2.14,1.93,2.17,,2.119090909090909,0.09689732147531688,1.93,2.28
Fraction of CPU this job got,0.77,0.48,0.68,0.62,0.61,0.59,0.69,0.44,0.47,0.57,0.49,,0.5827272727272728,0.10517517854426577,0.44,0.77
Elapsed (wall clock) time in seconds,89.78,143.69,103.22999999999999,112.22999999999999,113.87,118.34,100.9,156.29,145.59,121.67,140.82,,122.40090909090908,21.367915880845963,89.78,156.29
Average shared text size (kbytes),0.0,0.0,0.0,0.0,0.0,0.0,0.0,0.0,0.0,0.0,0.0,,0.0,0.0,0.0,0.0
Average unshared data size (kbytes),0.0,0.0,0.0,0.0,0.0,0.0,0.0,0.0,0.0,0.0,0.0,,0.0,0.0,0.0,0.0
Average stack size (kbytes),0.0,0.0,0.0,0.0,0.0,0.0,0.0,0.0,0.0,0.0,0.0,,0.0,0.0,0.0,0.0
Average total size (kbytes),0.0,0.0,0.0,0.0,0.0,0.0,0.0,0.0,0.0,0.0,0.0,,0.0,0.0,0.0,0.0
Maximum resident set size (kbytes),392520.0,392428.0,392408.0,392424.0,392484.0,392404.0,392496.0,392408.0,392512.0,392424.0,392408.0,,392446.9090909091,45.99446607028839,392404.0,392520.0
Average resident set size (kbytes),0.0,0.0,0.0,0.0,0.0,0.0,0.0,0.0,0.0,0.0,0.0,,0.0,0.0,0.0,0.0
Major (requiring I/O) page faults,2.0,2.0,2.0,2.0,2.0,2.0,2.0,2.0,2.0,2.0,2.0,,2.0,0.0,2.0,2.0
Minor (reclaiming a frame) page faults,64506.0,65017.0,65020.0,63999.0,63991.0,65024.0,63991.0,65523.0,63994.0,63999.0,63484.0,,64413.454545454544,639.1318117002727,63484.0,65523.0
Voluntary context switches,65.0,118.0,86.0,86.0,96.0,86.0,88.0,138.0,100.0,76.0,86.0,,93.18181818181819,20.004090490788037,65.0,138.0
Involuntary context switches,226.0,279.0,285.0,247.0,259.0,273.0,324.0,345.0,354.0,341.0,312.0,,295.0,42.927846440276966,226.0,354.0
Swaps,0.0,0.0,0.0,0.0,0.0,0.0,0.0,0.0,0.0,0.0,0.0,,0.0,0.0,0.0,0.0
File system inputs,44560.0,44560.0,44560.0,44560.0,44560.0,44560.0,44560.0,44560.0,44560.0,44560.0,44560.0,,44560.0,0.0,44560.0,44560.0
File system outputs,1355608.0,1355608.0,1355600.0,1355608.0,1355600.0,1355608.0,1355608.0,1355608.0,1355608.0,1355608.0,1355624.0,,1355608.0,6.196773353931867,1355600.0,1355624.0
Socket messages sent,0.0,0.0,0.0,0.0,0.0,0.0,0.0,0.0,0.0,0.0,0.0,,0.0,0.0,0.0,0.0
Socket messages received,0.0,0.0,0.0,0.0,0.0,0.0,0.0,0.0,0.0,0.0,0.0,,0.0,0.0,0.0,0.0
Signals delivered,0.0,0.0,0.0,0.0,0.0,0.0,0.0,0.0,0.0,0.0,0.0,,0.0,0.0,0.0,0.0
Page size (bytes),4096.0,4096.0,4096.0,4096.0,4096.0,4096.0,4096.0,4096.0,4096.0,4096.0,4096.0,,4096.0,0.0,4096.0,4096.0
Exit status,0.0,0.0,0.0,0.0,0.0,0.0,0.0,0.0,0.0,0.0,0.0,,0.0,0.0,0.0,0.0
Submission date and time,  2015-07-24 00:40:25,  2015-07-24 01:43:34,  2015-07-24 02:47:15,  2015-07-24 03:51:30,  2015-07-24 04:57:59,  2015-07-24 06:06:45,  2015-07-24 07:24:35,  2015-07-24 08:35:55,  2015-07-24 09:52:03,  2015-07-24 11:10:07,  2015-07-24 11:53:52

gunzip,,,,,,,,,,,,,avg,stdev,min,max
User time (seconds),12.14,17.37,18.29,18.32,17.54,18.17,19.92,18.72,19.18,18.91,14.77,,17.575454545454548,2.2369414996211394,12.14,19.92
System time (seconds),1.31,1.86,2.02,1.87,2.0,2.14,2.08,1.99,2.03,2.21,1.65,,1.9236363636363636,0.2534668707059259,1.31,2.21
Fraction of CPU this job got,0.59,0.12,0.07,0.08,0.08,0.05,0.04,0.05,0.03,0.04,0.12,,0.11545454545454546,0.16033487682744738,0.03,0.59
Elapsed (wall clock) time in seconds,22.58,154.84,286.52,248.8,233.49,392.31,543.3,348.22,532.34,507.66,133.47,,309.41181818181815,172.96346248952014,22.58,543.3
Average shared text size (kbytes),0.0,0.0,0.0,0.0,0.0,0.0,0.0,0.0,0.0,0.0,0.0,,0.0,0.0,0.0,0.0
Average unshared data size (kbytes),0.0,0.0,0.0,0.0,0.0,0.0,0.0,0.0,0.0,0.0,0.0,,0.0,0.0,0.0,0.0
Average stack size (kbytes),0.0,0.0,0.0,0.0,0.0,0.0,0.0,0.0,0.0,0.0,0.0,,0.0,0.0,0.0,0.0
Average total size (kbytes),0.0,0.0,0.0,0.0,0.0,0.0,0.0,0.0,0.0,0.0,0.0,,0.0,0.0,0.0,0.0
Maximum resident set size (kbytes),1452.0,1448.0,1448.0,1448.0,1448.0,1448.0,1452.0,1448.0,1452.0,1452.0,1452.0,,1449.8181818181818,2.088931871468374,1448.0,1452.0
Average resident set size (kbytes),0.0,0.0,0.0,0.0,0.0,0.0,0.0,0.0,0.0,0.0,0.0,,0.0,0.0,0.0,0.0
Major (requiring I/O) page faults,0.0,0.0,0.0,0.0,0.0,0.0,0.0,0.0,0.0,0.0,0.0,,0.0,0.0,0.0,0.0
Minor (reclaiming a frame) page faults,1459.0,1457.0,1459.0,1459.0,1458.0,1458.0,1460.0,1460.0,1461.0,1462.0,1461.0,,1459.4545454545455,1.5075567228888183,1457.0,1462.0
Voluntary context switches,231.0,603.0,714.0,695.0,685.0,821.0,1130.0,784.0,917.0,1019.0,477.0,,734.1818181818181,249.42727123625363,231.0,1130.0
Involuntary context switches,108.0,258.0,404.0,324.0,324.0,471.0,587.0,363.0,292.0,479.0,191.0,,345.54545454545456,136.87319944851413,108.0,587.0
Swaps,0.0,0.0,0.0,0.0,0.0,0.0,0.0,0.0,0.0,0.0,0.0,,0.0,0.0,0.0,0.0
File system inputs,931264.0,931272.0,931272.0,931272.0,931272.0,931272.0,931272.0,931272.0,931272.0,931264.0,931264.0,,931269.8181818182,3.7367949319753104,931264.0,931272.0
File system outputs,2545568.0,2545568.0,2545568.0,2545568.0,2545568.0,2545568.0,2545568.0,2545568.0,2545568.0,2545568.0,2545568.0,,2545568.0,0.0,2545568.0,2545568.0
Socket messages sent,0.0,0.0,0.0,0.0,0.0,0.0,0.0,0.0,0.0,0.0,0.0,,0.0,0.0,0.0,0.0
Socket messages received,0.0,0.0,0.0,0.0,0.0,0.0,0.0,0.0,0.0,0.0,0.0,,0.0,0.0,0.0,0.0
Signals delivered,0.0,0.0,0.0,0.0,0.0,0.0,0.0,0.0,0.0,0.0,0.0,,0.0,0.0,0.0,0.0
Page size (bytes),4096.0,4096.0,4096.0,4096.0,4096.0,4096.0,4096.0,4096.0,4096.0,4096.0,4096.0,,4096.0,0.0,4096.0,4096.0
Exit status,0.0,0.0,0.0,0.0,0.0,0.0,0.0,0.0,0.0,0.0,0.0,,0.0,0.0,0.0,0.0
Submission date and time,  2015-07-23 23:56:02,  2015-07-24 00:53:30,  2015-07-24 02:01:03,  2015-07-24 03:03:48,  2015-07-24 04:07:38,  2015-07-24 05:17:25,  2015-07-24 06:29:01,  2015-07-24 07:42:55,  2015-07-24 08:58:01,  2015-07-24 10:14:58,  2015-07-24 11:25:30

muscle,,,,,,,,,,,,,avg,stdev,min,max
User time (seconds),63.78,63.67,63.57,63.64,63.73,63.64,63.57,63.49,63.9,63.76,63.73,,63.68,0.11549891774384627,63.49,63.9
System time (seconds),0.05,0.05,0.03,0.06,0.05,0.06,0.08,0.04,0.06,0.04,0.05,,0.051818181818181826,0.013280197150781926,0.03,0.08
Fraction of CPU this job got,0.96,0.98,0.95,0.98,0.95,0.99,0.98,0.99,0.97,0.98,0.97,,0.9727272727272728,0.014206272622267327,0.95,0.99
Elapsed (wall clock) time in seconds,65.97,64.72,66.91,64.38,66.71,64.32,64.54,63.81,65.6,65.01,65.64,,65.23727272727272,1.0107629881341198,63.81,66.91
Average shared text size (kbytes),0.0,0.0,0.0,0.0,0.0,0.0,0.0,0.0,0.0,0.0,0.0,,0.0,0.0,0.0,0.0
Average unshared data size (kbytes),0.0,0.0,0.0,0.0,0.0,0.0,0.0,0.0,0.0,0.0,0.0,,0.0,0.0,0.0,0.0
Average stack size (kbytes),0.0,0.0,0.0,0.0,0.0,0.0,0.0,0.0,0.0,0.0,0.0,,0.0,0.0,0.0,0.0
Average total size (kbytes),0.0,0.0,0.0,0.0,0.0,0.0,0.0,0.0,0.0,0.0,0.0,,0.0,0.0,0.0,0.0
Maximum resident set size (kbytes),65280.0,65276.0,65280.0,65280.0,65280.0,65280.0,65276.0,65276.0,65888.0,65280.0,65276.0,,65333.818181818184,183.8117614201105,65276.0,65888.0
Average resident set size (kbytes),0.0,0.0,0.0,0.0,0.0,0.0,0.0,0.0,0.0,0.0,0.0,,0.0,0.0,0.0,0.0
Major (requiring I/O) page faults,2.0,2.0,2.0,2.0,2.0,2.0,2.0,2.0,2.0,2.0,2.0,,2.0,0.0,2.0,2.0
Minor (reclaiming a frame) page faults,23682.0,23681.0,23680.0,23679.0,23682.0,23677.0,23682.0,23682.0,23683.0,23682.0,23682.0,,23681.090909090908,1.7580981459830651,23677.0,23683.0
Voluntary context switches,13.0,12.0,11.0,11.0,13.0,11.0,13.0,14.0,15.0,12.0,15.0,,12.727272727272727,1.4893561757289013,11.0,15.0
Involuntary context switches,105.0,106.0,112.0,122.0,107.0,116.0,114.0,170.0,232.0,216.0,181.0,,143.72727272727272,47.43224833189106,105.0,232.0
Swaps,0.0,0.0,0.0,0.0,0.0,0.0,0.0,0.0,0.0,0.0,0.0,,0.0,0.0,0.0,0.0
File system inputs,752.0,752.0,752.0,760.0,752.0,760.0,752.0,752.0,752.0,752.0,752.0,,753.4545454545455,3.236159339823562,752.0,760.0
File system outputs,184.0,184.0,184.0,184.0,184.0,184.0,184.0,184.0,184.0,184.0,184.0,,184.0,0.0,184.0,184.0
Socket messages sent,0.0,0.0,0.0,0.0,0.0,0.0,0.0,0.0,0.0,0.0,0.0,,0.0,0.0,0.0,0.0
Socket messages received,0.0,0.0,0.0,0.0,0.0,0.0,0.0,0.0,0.0,0.0,0.0,,0.0,0.0,0.0,0.0
Signals delivered,0.0,0.0,0.0,0.0,0.0,0.0,0.0,0.0,0.0,0.0,0.0,,0.0,0.0,0.0,0.0
Page size (bytes),4096.0,4096.0,4096.0,4096.0,4096.0,4096.0,4096.0,4096.0,4096.0,4096.0,4096.0,,4096.0,0.0,4096.0,4096.0
Exit status,0.0,0.0,0.0,0.0,0.0,0.0,0.0,0.0,0.0,0.0,0.0,,0.0,0.0,0.0,0.0
Submission date and time,  2015-07-24 00:41:31,  2015-07-24 01:44:39,  2015-07-24 02:48:24,  2015-07-24 03:52:34,  2015-07-24 04:59:11,  2015-07-24 06:07:49,  2015-07-24 07:25:40,  2015-07-24 08:36:59,  2015-07-24 09:53:09,  2015-07-24 11:11:12,  2015-07-24 11:54:58

nhmmer,,,,,,,,,,,,,avg,stdev,min,max
User time (seconds),139.8,111.56,111.09,100.29,113.01,103.13,102.62,101.19,103.57,102.52,102.7,,108.31636363636363,11.374039100273286,100.29,139.8
System time (seconds),0.66,0.54,0.57,0.6,0.64,0.54,0.52,0.54,0.64,0.61,0.63,,0.59,0.04979959839195493,0.52,0.66
Fraction of CPU this job got,3.64,3.36,3.48,3.41,3.28,3.26,3.27,2.73,3.26,3.25,3.29,,3.2936363636363635,0.22254315209741807,2.73,3.64
Elapsed (wall clock) time in seconds,38.49,33.3,32.08,29.58,34.64,31.8,31.47,37.2,31.89,31.72,31.39,,33.05090909090909,2.689191159235263,29.58,38.49
Average shared text size (kbytes),0.0,0.0,0.0,0.0,0.0,0.0,0.0,0.0,0.0,0.0,0.0,,0.0,0.0,0.0,0.0
Average unshared data size (kbytes),0.0,0.0,0.0,0.0,0.0,0.0,0.0,0.0,0.0,0.0,0.0,,0.0,0.0,0.0,0.0
Average stack size (kbytes),0.0,0.0,0.0,0.0,0.0,0.0,0.0,0.0,0.0,0.0,0.0,,0.0,0.0,0.0,0.0
Average total size (kbytes),0.0,0.0,0.0,0.0,0.0,0.0,0.0,0.0,0.0,0.0,0.0,,0.0,0.0,0.0,0.0
Maximum resident set size (kbytes),868576.0,869848.0,870576.0,868536.0,871348.0,870372.0,872572.0,870204.0,870412.0,869784.0,869420.0,,870149.8181818182,1159.488664729571,868536.0,872572.0
Average resident set size (kbytes),0.0,0.0,0.0,0.0,0.0,0.0,0.0,0.0,0.0,0.0,0.0,,0.0,0.0,0.0,0.0
Major (requiring I/O) page faults,5.0,5.0,5.0,5.0,5.0,5.0,5.0,5.0,5.0,5.0,5.0,,5.0,0.0,5.0,5.0
Minor (reclaiming a frame) page faults,161457.0,156506.0,153096.0,151030.0,154409.0,149906.0,156463.0,151376.0,153580.0,154099.0,153398.0,,154120.0,3190.533936506553,149906.0,161457.0
Voluntary context switches,210.0,197.0,176.0,207.0,185.0,198.0,236.0,180.0,194.0,189.0,187.0,,196.27272727272728,16.829087373300485,176.0,236.0
Involuntary context switches,383.0,329.0,320.0,324.0,456.0,351.0,349.0,356.0,1863.0,362.0,391.0,,498.54545454545456,454.1641473380222,320.0,1863.0
Swaps,0.0,0.0,0.0,0.0,0.0,0.0,0.0,0.0,0.0,0.0,0.0,,0.0,0.0,0.0,0.0
File system inputs,1680.0,1680.0,1680.0,1680.0,1680.0,1680.0,1680.0,1680.0,1680.0,1680.0,1680.0,,1680.0,0.0,1680.0,1680.0
File system outputs,1144.0,1144.0,1144.0,1144.0,1144.0,1144.0,1144.0,1144.0,1144.0,1144.0,1144.0,,1144.0,0.0,1144.0,1144.0
Socket messages sent,0.0,0.0,0.0,0.0,0.0,0.0,0.0,0.0,0.0,0.0,0.0,,0.0,0.0,0.0,0.0
Socket messages received,0.0,0.0,0.0,0.0,0.0,0.0,0.0,0.0,0.0,0.0,0.0,,0.0,0.0,0.0,0.0
Signals delivered,0.0,0.0,0.0,0.0,0.0,0.0,0.0,0.0,0.0,0.0,0.0,,0.0,0.0,0.0,0.0
Page size (bytes),4096.0,4096.0,4096.0,4096.0,4096.0,4096.0,4096.0,4096.0,4096.0,4096.0,4096.0,,4096.0,0.0,4096.0,4096.0
Exit status,0.0,0.0,0.0,0.0,0.0,0.0,0.0,0.0,0.0,0.0,0.0,,0.0,0.0,0.0,0.0
Submission date and time,  2015-07-24 00:42:09,  2015-07-24 01:45:12,  2015-07-24 02:48:56,  2015-07-24 03:53:04,  2015-07-24 04:59:45,  2015-07-24 06:08:21,  2015-07-24 07:26:11,  2015-07-24 08:37:37,  2015-07-24 09:53:41,  2015-07-24 11:11:44,  2015-07-24 11:55:29

phyml,,,,,,,,,,,,,avg,stdev,min,max
User time (seconds),60.16,61.57,59.64,54.12,57.29,88.83,59.48,71.42,78.25,66.77,58.17,,65.06363636363636,10.519477432579311,54.12,88.83
System time (seconds),0.01,0.01,0.01,0.01,0.01,0.0,0.02,0.01,0.0,0.0,0.0,,0.007272727272727273,0.006466697906828633,0.0,0.02
Fraction of CPU this job got,0.96,0.92,0.95,0.95,0.93,0.94,0.87,0.91,0.92,0.94,0.88,,0.9245454545454547,0.02876234912646612,0.87,0.96
Elapsed (wall clock) time in seconds,62.43,66.34,62.39,56.58,61.59,93.93,68.15,77.74,84.98,70.95,66.02,,70.10000000000001,11.209127530722453,56.58,93.93
Average shared text size (kbytes),0.0,0.0,0.0,0.0,0.0,0.0,0.0,0.0,0.0,0.0,0.0,,0.0,0.0,0.0,0.0
Average unshared data size (kbytes),0.0,0.0,0.0,0.0,0.0,0.0,0.0,0.0,0.0,0.0,0.0,,0.0,0.0,0.0,0.0
Average stack size (kbytes),0.0,0.0,0.0,0.0,0.0,0.0,0.0,0.0,0.0,0.0,0.0,,0.0,0.0,0.0,0.0
Average total size (kbytes),0.0,0.0,0.0,0.0,0.0,0.0,0.0,0.0,0.0,0.0,0.0,,0.0,0.0,0.0,0.0
Maximum resident set size (kbytes),8560.0,8556.0,8560.0,8560.0,8628.0,8560.0,8560.0,8556.0,8560.0,8560.0,8556.0,,8565.09090909091,20.944949488860296,8556.0,8628.0
Average resident set size (kbytes),0.0,0.0,0.0,0.0,0.0,0.0,0.0,0.0,0.0,0.0,0.0,,0.0,0.0,0.0,0.0
Major (requiring I/O) page faults,11.0,11.0,11.0,11.0,11.0,11.0,11.0,11.0,11.0,11.0,11.0,,11.0,0.0,11.0,11.0
Minor (reclaiming a frame) page faults,2403.0,2400.0,2403.0,2402.0,2401.0,2402.0,2404.0,2398.0,2402.0,2403.0,2402.0,,2401.818181818182,1.6624188291872668,2398.0,2404.0
Voluntary context switches,20.0,18.0,21.0,21.0,21.0,18.0,20.0,18.0,17.0,17.0,19.0,,19.09090909090909,1.5782614139961386,17.0,21.0
Involuntary context switches,95.0,159.0,100.0,106.0,103.0,193.0,103.0,266.0,259.0,164.0,200.0,,158.9090909090909,64.00695984883917,95.0,266.0
Swaps,0.0,0.0,0.0,0.0,0.0,0.0,0.0,0.0,0.0,0.0,0.0,,0.0,0.0,0.0,0.0
File system inputs,2328.0,2328.0,2328.0,2328.0,2328.0,2328.0,2328.0,2328.0,2328.0,2328.0,2328.0,,2328.0,0.0,2328.0,2328.0
File system outputs,72.0,72.0,72.0,72.0,72.0,96.0,72.0,96.0,80.0,96.0,72.0,,79.27272727272727,11.000826415237258,72.0,96.0
Socket messages sent,0.0,0.0,0.0,0.0,0.0,0.0,0.0,0.0,0.0,0.0,0.0,,0.0,0.0,0.0,0.0
Socket messages received,0.0,0.0,0.0,0.0,0.0,0.0,0.0,0.0,0.0,0.0,0.0,,0.0,0.0,0.0,0.0
Signals delivered,0.0,0.0,0.0,0.0,0.0,0.0,0.0,0.0,0.0,0.0,0.0,,0.0,0.0,0.0,0.0
Page size (bytes),4096.0,4096.0,4096.0,4096.0,4096.0,4096.0,4096.0,4096.0,4096.0,4096.0,4096.0,,4096.0,0.0,4096.0,4096.0
Exit status,0.0,0.0,0.0,0.0,0.0,0.0,0.0,0.0,0.0,0.0,0.0,,0.0,0.0,0.0,0.0
Submission date and time,  2015-07-24 00:43:12,  2015-07-24 01:46:18,  2015-07-24 02:49:59,  2015-07-24 03:54:00,  2015-07-24 05:00:47,  2015-07-24 06:09:55,  2015-07-24 07:27:20,  2015-07-24 08:38:54,  2015-07-24 09:55:06,  2015-07-24 11:12:55,  2015-07-24 11:56:35

prokka,,,,,,,,,,,,,avg,stdev,min,max
User time (seconds),611.77,614.64,613.88,612.21,616.78,612.83,615.57,620.07,614.32,614.62,606.76,,613.9499999999999,3.314890646763489,606.76,620.07
System time (seconds),249.84,250.93,248.94,251.12,252.94,250.21,252.75,253.04,250.39,250.01,247.83,,250.72727272727272,1.6674297041200292,247.83,253.04
Fraction of CPU this job got,0.44,0.4,0.44,0.42,0.4,0.41,0.35,0.38,0.36,0.35,0.94,,0.4445454545454546,0.16747320002696767,0.35,0.94
Elapsed (wall clock) time in seconds,1954.31,2141.6,1947.78,2013.78,2174.14,2101.3,2459.44,2289.83,2358.58,2407.56,901.34,,2068.1509090909094,425.6026879721166,901.34,2459.44
Average shared text size (kbytes),0.0,0.0,0.0,0.0,0.0,0.0,0.0,0.0,0.0,0.0,0.0,,0.0,0.0,0.0,0.0
Average unshared data size (kbytes),0.0,0.0,0.0,0.0,0.0,0.0,0.0,0.0,0.0,0.0,0.0,,0.0,0.0,0.0,0.0
Average stack size (kbytes),0.0,0.0,0.0,0.0,0.0,0.0,0.0,0.0,0.0,0.0,0.0,,0.0,0.0,0.0,0.0
Average total size (kbytes),0.0,0.0,0.0,0.0,0.0,0.0,0.0,0.0,0.0,0.0,0.0,,0.0,0.0,0.0,0.0
Maximum resident set size (kbytes),207964.0,207960.0,208000.0,207960.0,207960.0,207964.0,209320.0,207960.0,207964.0,207964.0,207956.0,,208088.36363636365,408.66007212040495,207956.0,209320.0
Average resident set size (kbytes),0.0,0.0,0.0,0.0,0.0,0.0,0.0,0.0,0.0,0.0,0.0,,0.0,0.0,0.0,0.0
Major (requiring I/O) page faults,300.0,301.0,302.0,314.0,291.0,302.0,302.0,307.0,293.0,295.0,294.0,,300.09090909090907,6.700067842261681,291.0,314.0
Minor (reclaiming a frame) page faults,72907087.0,72775322.0,72197759.0,73410755.0,72595578.0,72511918.0,72327123.0,71867340.0,71886249.0,71818689.0,73157853.0,,72495970.27272727,536212.230325473,71818689.0,73410755.0
Voluntary context switches,1252108.0,1222470.0,1380762.0,1201797.0,1320761.0,1387401.0,1398047.0,1510044.0,1436783.0,1471824.0,1136443.0,,1338040.0,120556.64029741373,1136443.0,1510044.0
Involuntary context switches,295730.0,329694.0,337675.0,317540.0,312972.0,284304.0,317761.0,299958.0,311472.0,325275.0,292978.0,,311396.2727272727,16577.790522810385,284304.0,337675.0
Swaps,0.0,0.0,0.0,0.0,0.0,0.0,0.0,0.0,0.0,0.0,0.0,,0.0,0.0,0.0,0.0
File system inputs,2646112.0,2646168.0,2646144.0,2646184.0,2646152.0,2646152.0,2646112.0,2646144.0,2646152.0,2646152.0,2646176.0,,2646149.8181818184,22.653115378764937,2646112.0,2646184.0
File system outputs,267696.0,274096.0,260992.0,275416.0,277624.0,269696.0,282288.0,265456.0,290944.0,288184.0,235400.0,,271617.45454545453,15166.128921802268,235400.0,290944.0
Socket messages sent,0.0,0.0,0.0,0.0,0.0,0.0,0.0,0.0,0.0,0.0,0.0,,0.0,0.0,0.0,0.0
Socket messages received,0.0,0.0,0.0,0.0,0.0,0.0,0.0,0.0,0.0,0.0,0.0,,0.0,0.0,0.0,0.0
Signals delivered,0.0,0.0,0.0,0.0,0.0,0.0,0.0,0.0,0.0,0.0,0.0,,0.0,0.0,0.0,0.0
Page size (bytes),4096.0,4096.0,4096.0,4096.0,4096.0,4096.0,4096.0,4096.0,4096.0,4096.0,4096.0,,4096.0,0.0,4096.0,4096.0
Exit status,0.0,0.0,0.0,0.0,0.0,0.0,0.0,0.0,0.0,0.0,0.0,,0.0,0.0,0.0,0.0
Submission date and time,  2015-07-24 00:38:51,  2015-07-24 01:41:07,  2015-07-24 02:45:12,  2015-07-24 03:49:32,  2015-07-24 04:55:54,  2015-07-24 06:04:36,  2015-07-24 07:22:44,  2015-07-24 08:33:09,  2015-07-24 09:49:21,  2015-07-24 11:07:58,  2015-07-24 11:51:10

snippy,,,,,,,,,,,,,avg,stdev,min,max
User time (seconds),710.41,705.81,703.67,813.56,708.76,745.34,709.28,725.12,702.74,703.42,709.65,,721.6145454545454,32.976210929588724,702.74,813.56
System time (seconds),11.71,11.93,11.57,12.08,11.77,12.11,12.04,11.82,11.69,11.96,11.67,,11.85,0.18395651660107054,11.57,12.11
Fraction of CPU this job got,2.86,2.06,2.1,2.41,2.05,2.29,2.1,2.1,2.12,2.05,2.61,,2.25,0.27007406391580807,2.05,2.86
Elapsed (wall clock) time in seconds,252.48,347.26,339.32,342.04,350.1,330.31,342.49,350.31,335.95,347.64,275.36,,328.4781818181818,32.89120059170289,252.48,350.31
Average shared text size (kbytes),0.0,0.0,0.0,0.0,0.0,0.0,0.0,0.0,0.0,0.0,0.0,,0.0,0.0,0.0,0.0
Average unshared data size (kbytes),0.0,0.0,0.0,0.0,0.0,0.0,0.0,0.0,0.0,0.0,0.0,,0.0,0.0,0.0,0.0
Average stack size (kbytes),0.0,0.0,0.0,0.0,0.0,0.0,0.0,0.0,0.0,0.0,0.0,,0.0,0.0,0.0,0.0
Average total size (kbytes),0.0,0.0,0.0,0.0,0.0,0.0,0.0,0.0,0.0,0.0,0.0,,0.0,0.0,0.0,0.0
Maximum resident set size (kbytes),1866736.0,1866736.0,1866788.0,1866728.0,1866728.0,1866788.0,1866824.0,1866792.0,1866736.0,1866792.0,1866724.0,,1866761.0909090908,35.73640873242454,1866724.0,1866824.0
Average resident set size (kbytes),0.0,0.0,0.0,0.0,0.0,0.0,0.0,0.0,0.0,0.0,0.0,,0.0,0.0,0.0,0.0
Major (requiring I/O) page faults,84.0,82.0,84.0,81.0,80.0,89.0,86.0,83.0,82.0,81.0,83.0,,83.18181818181819,2.5619594773603196,80.0,89.0
Minor (reclaiming a frame) page faults,2656171.0,2642878.0,2640317.0,2638071.0,2639718.0,2640515.0,2638091.0,2641731.0,2642226.0,2643802.0,2638921.0,,2642040.090909091,5053.552086494122,2638071.0,2656171.0
Voluntary context switches,453149.0,445792.0,455469.0,462887.0,461308.0,466040.0,452266.0,458048.0,449416.0,461543.0,462580.0,,457136.1818181818,6405.685159577886,445792.0,466040.0
Involuntary context switches,253128.0,236661.0,231742.0,255299.0,235179.0,250241.0,238216.0,241993.0,215800.0,229056.0,233514.0,,238257.18181818182,11554.608871079816,215800.0,255299.0
Swaps,0.0,0.0,0.0,0.0,0.0,0.0,0.0,0.0,0.0,0.0,0.0,,0.0,0.0,0.0,0.0
File system inputs,35944.0,36968.0,36976.0,36968.0,36968.0,36968.0,36968.0,36968.0,36208.0,36448.0,36200.0,,36689.454545454544,404.1040370093731,35944.0,36976.0
File system outputs,935320.0,936224.0,936232.0,936256.0,935984.0,935720.0,935512.0,935824.0,935272.0,935488.0,935888.0,,935792.7272727273,362.1880977914904,935272.0,936256.0
Socket messages sent,0.0,0.0,0.0,0.0,0.0,0.0,0.0,0.0,0.0,0.0,0.0,,0.0,0.0,0.0,0.0
Socket messages received,0.0,0.0,0.0,0.0,0.0,0.0,0.0,0.0,0.0,0.0,0.0,,0.0,0.0,0.0,0.0
Signals delivered,0.0,0.0,0.0,0.0,0.0,0.0,0.0,0.0,0.0,0.0,0.0,,0.0,0.0,0.0,0.0
Page size (bytes),4096.0,4096.0,4096.0,4096.0,4096.0,4096.0,4096.0,4096.0,4096.0,4096.0,4096.0,,4096.0,0.0,4096.0,4096.0
Exit status,0.0,0.0,0.0,0.0,0.0,0.0,0.0,0.0,0.0,0.0,0.0,,0.0,0.0,0.0,0.0
Submission date and time,  2015-07-24 00:06:17,  2015-07-24 01:05:25,  2015-07-24 02:12:44,  2015-07-24 03:15:58,  2015-07-24 04:19:39,  2015-07-24 05:29:34,  2015-07-24 06:41:44,  2015-07-24 07:54:58,  2015-07-24 09:10:02,  2015-07-24 10:27:50,  2015-07-24 11:36:08

velvetg,,,,,,,,,,,,,avg,stdev,min,max
User time (seconds),271.45,272.06,268.07,281.87,273.46,283.98,271.46,270.39,283.49,273.12,271.54,,274.6263636363636,5.650788038366467,268.07,283.98
System time (seconds),1.73,1.6,1.68,1.69,1.69,1.7,1.62,1.56,1.72,1.58,1.67,,1.6581818181818184,0.05827832904574075,1.56,1.73
Fraction of CPU this job got,0.99,0.99,0.99,0.99,0.99,0.99,0.99,0.99,0.98,0.98,0.99,,0.9881818181818183,0.004045199174779456,0.98,0.99
Elapsed (wall clock) time in seconds,273.40999999999997,274.17,271.18,284.46,277.03,287.24,273.7,272.46,289.8,278.12,273.59000000000003,,277.7418181818182,6.461039882529468,271.18,289.8
Average shared text size (kbytes),0.0,0.0,0.0,0.0,0.0,0.0,0.0,0.0,0.0,0.0,0.0,,0.0,0.0,0.0,0.0
Average unshared data size (kbytes),0.0,0.0,0.0,0.0,0.0,0.0,0.0,0.0,0.0,0.0,0.0,,0.0,0.0,0.0,0.0
Average stack size (kbytes),0.0,0.0,0.0,0.0,0.0,0.0,0.0,0.0,0.0,0.0,0.0,,0.0,0.0,0.0,0.0
Average total size (kbytes),0.0,0.0,0.0,0.0,0.0,0.0,0.0,0.0,0.0,0.0,0.0,,0.0,0.0,0.0,0.0
Maximum resident set size (kbytes),1096300.0,1096296.0,1096296.0,1096300.0,1096296.0,1096300.0,1096304.0,1096268.0,1096304.0,1096300.0,1096300.0,,1096296.7272727273,9.930668749796352,1096268.0,1096304.0
Average resident set size (kbytes),0.0,0.0,0.0,0.0,0.0,0.0,0.0,0.0,0.0,0.0,0.0,,0.0,0.0,0.0,0.0
Major (requiring I/O) page faults,3.0,3.0,3.0,3.0,3.0,3.0,3.0,3.0,3.0,3.0,3.0,,3.0,0.0,3.0,3.0
Minor (reclaiming a frame) page faults,279424.0,279993.0,279035.0,280897.0,279092.0,279466.0,280023.0,279853.0,279643.0,281482.0,279552.0,,279860.0,742.1788194229205,279035.0,281482.0
Voluntary context switches,154.0,136.0,170.0,68.0,144.0,74.0,156.0,165.0,87.0,143.0,141.0,,130.72727272727272,36.63629596203991,68.0,170.0
Involuntary context switches,516.0,524.0,475.0,529.0,528.0,524.0,506.0,509.0,1721.0,528.0,829.0,,653.5454545454545,366.647341088508,475.0,1721.0
Swaps,0.0,0.0,0.0,0.0,0.0,0.0,0.0,0.0,0.0,0.0,0.0,,0.0,0.0,0.0,0.0
File system inputs,712.0,712.0,712.0,712.0,712.0,712.0,712.0,712.0,712.0,720.0,712.0,,712.7272727272727,2.412090756622109,712.0,720.0
File system outputs,297456.0,297456.0,297456.0,297464.0,297464.0,297464.0,297456.0,297456.0,297456.0,297456.0,297456.0,,297458.1818181818,3.736794931975311,297456.0,297464.0
Socket messages sent,0.0,0.0,0.0,0.0,0.0,0.0,0.0,0.0,0.0,0.0,0.0,,0.0,0.0,0.0,0.0
Socket messages received,0.0,0.0,0.0,0.0,0.0,0.0,0.0,0.0,0.0,0.0,0.0,,0.0,0.0,0.0,0.0
Signals delivered,0.0,0.0,0.0,0.0,0.0,0.0,0.0,0.0,0.0,0.0,0.0,,0.0,0.0,0.0,0.0
Page size (bytes),4096.0,4096.0,4096.0,4096.0,4096.0,4096.0,4096.0,4096.0,4096.0,4096.0,4096.0,,4096.0,0.0,4096.0,4096.0
Exit status,0.0,0.0,0.0,0.0,0.0,0.0,0.0,0.0,0.0,0.0,0.0,,0.0,0.0,0.0,0.0
Submission date and time,  2015-07-24 00:02:04,  2015-07-24 00:59:38,  2015-07-24 02:07:05,  2015-07-24 03:10:16,  2015-07-24 04:13:49,  2015-07-24 05:24:04,  2015-07-24 06:36:02,  2015-07-24 07:49:08,  2015-07-24 09:04:26,  2015-07-24 10:22:03,  2015-07-24 11:31:33

velveth,,,,,,,,,,,,,avg,stdev,min,max
User time (seconds),84.58,84.87,84.92,84.94,85.29,84.97,84.8,85.15,84.95,84.88,84.99,,84.94,0.18116291011131613,84.58,85.29
System time (seconds),3.18,3.24,3.07,3.21,2.98,3.03,3.09,2.99,3.3,3.07,3.04,,3.1090909090909093,0.10681334611878289,2.98,3.3
Fraction of CPU this job got,0.99,0.94,0.97,0.85,0.93,0.79,0.59,0.87,0.92,0.59,0.98,,0.8563636363636363,0.1445871866572365,0.59,0.99
Elapsed (wall clock) time in seconds,88.56,93.34,90.01,103.21000000000001,94.28,111.36,146.82,100.55,95.11,147.14,89.44,,105.43818181818182,21.61436921040344,88.56,147.14
Average shared text size (kbytes),0.0,0.0,0.0,0.0,0.0,0.0,0.0,0.0,0.0,0.0,0.0,,0.0,0.0,0.0,0.0
Average unshared data size (kbytes),0.0,0.0,0.0,0.0,0.0,0.0,0.0,0.0,0.0,0.0,0.0,,0.0,0.0,0.0,0.0
Average stack size (kbytes),0.0,0.0,0.0,0.0,0.0,0.0,0.0,0.0,0.0,0.0,0.0,,0.0,0.0,0.0,0.0
Average total size (kbytes),0.0,0.0,0.0,0.0,0.0,0.0,0.0,0.0,0.0,0.0,0.0,,0.0,0.0,0.0,0.0
Maximum resident set size (kbytes),1158664.0,1158676.0,1158676.0,1158668.0,1158676.0,1158668.0,1158672.0,1158672.0,1158668.0,1158668.0,1158668.0,,1158670.5454545454,4.107642544419764,1158664.0,1158676.0
Average resident set size (kbytes),0.0,0.0,0.0,0.0,0.0,0.0,0.0,0.0,0.0,0.0,0.0,,0.0,0.0,0.0,0.0
Major (requiring I/O) page faults,1.0,1.0,1.0,1.0,1.0,1.0,1.0,1.0,1.0,1.0,1.0,,1.0,0.0,1.0,1.0
Minor (reclaiming a frame) page faults,423281.0,422784.0,423281.0,422743.0,423268.0,423280.0,422772.0,422769.0,423290.0,422732.0,422766.0,,422996.9090909091,271.43524257010347,422732.0,423290.0
Voluntary context switches,73.0,858.0,152.0,165.0,137.0,987.0,646.0,1025.0,190.0,1483.0,172.0,,535.2727272727273,486.4142454552685,73.0,1483.0
Involuntary context switches,248.0,247.0,208.0,222.0,229.0,251.0,327.0,290.0,231.0,348.0,336.0,,267.0,49.713177327545665,208.0,348.0
Swaps,0.0,0.0,0.0,0.0,0.0,0.0,0.0,0.0,0.0,0.0,0.0,,0.0,0.0,0.0,0.0
File system inputs,160.0,264.0,280.0,272.0,264.0,264.0,264.0,264.0,304.0,232.0,288.0,,259.6363636363636,37.58529693183952,160.0,304.0
File system outputs,2185608.0,2185608.0,2185616.0,2185616.0,2185616.0,2185608.0,2185608.0,2185608.0,2185608.0,2185616.0,2185608.0,,2185610.909090909,4.036199832876104,2185608.0,2185616.0
Socket messages sent,0.0,0.0,0.0,0.0,0.0,0.0,0.0,0.0,0.0,0.0,0.0,,0.0,0.0,0.0,0.0
Socket messages received,0.0,0.0,0.0,0.0,0.0,0.0,0.0,0.0,0.0,0.0,0.0,,0.0,0.0,0.0,0.0
Signals delivered,0.0,0.0,0.0,0.0,0.0,0.0,0.0,0.0,0.0,0.0,0.0,,0.0,0.0,0.0,0.0
Page size (bytes),4096.0,4096.0,4096.0,4096.0,4096.0,4096.0,4096.0,4096.0,4096.0,4096.0,4096.0,,4096.0,0.0,4096.0,4096.0
Exit status,0.0,0.0,0.0,0.0,0.0,0.0,0.0,0.0,0.0,0.0,0.0,,0.0,0.0,0.0,0.0
Submission date and time,  2015-07-23 23:57:31,  2015-07-24 00:55:04,  2015-07-24 02:02:33,  2015-07-24 03:05:31,  2015-07-24 04:09:12,  2015-07-24 05:19:17,  2015-07-24 06:31:28,  2015-07-24 07:44:36,  2015-07-24 08:59:36,  2015-07-24 10:17:25,  2015-07-24 11:26:59

